Classifier,Ratio,AUC_mixed,AUC_real,diff,ci_low,ci_high,z,p,p_holm
Decision Tree,20%,0.8983284080665015,0.9022726506154886,-0.003944242548987065,-0.009665253948240356,0.001776768850266227,-1.3512847390976468,0.17660423869294029,0.17660423869294029
Decision Tree,40%,0.8920743494843175,0.9022726506154886,-0.01019830113117104,-0.01651943225868359,-0.003877170003658491,-3.1621983176547475,0.0015658288651139163,0.010960802055797414
Decision Tree,60%,0.8925199373442976,0.9022726506154886,-0.009752713271190983,-0.01649647887694157,-0.003008947665440396,-2.83451696411782,0.004589502116622901,0.022947510583114505
Decision Tree,80%,0.8734272328519039,0.9022726506154886,-0.028845417763584624,-0.036789279570767545,-0.020901555956401703,-7.117069781539313,1.1024514634527804e-12,2.094657780560283e-11
Decision Tree,100%,0.8689274947998922,0.9022726506154886,-0.03334515581559638,-0.04153336812578083,-0.025156943505411932,-7.981779529248267,1.3322676295501878e-15,2.7977620220553945e-14
Random Forest,20%,0.8917627286519296,0.8955181798580589,-0.003755451206129301,-0.006585247321914159,-0.0009256550903444429,-2.601135934477706,0.009291562852643986,0.02787468855793196
Random Forest,40%,0.8897389487706633,0.8955181798580589,-0.005779231087395642,-0.009893531151948513,-0.0016649310228427716,-2.7531518736046476,0.005902450759117439,0.023609803036469756
Random Forest,60%,0.8869142734198252,0.8955181798580589,-0.008603906438233722,-0.013493432043329808,-0.003714380833137634,-3.448935128054554,0.0005628018933354628,0.005628018933354628
Random Forest,80%,0.8842095784208732,0.8955181798580589,-0.011308601437185706,-0.016806006724188655,-0.005811196150182755,-4.031876432557461,5.5333279880720454e-05,0.000608666078687925
Random Forest,100%,0.8757726774952317,0.8955181798580589,-0.01974550236282724,-0.02624156121765611,-0.013249443507998369,-5.957640701234214,2.5590536356645543e-09,4.3503911806297424e-08
Gradient Boosting,20%,0.9208841961961076,0.9245302290050501,-0.00364603280894249,-0.004549660768312207,-0.0027424048495727727,-7.9083700669374934,2.6645352591003757e-15,5.3290705182007514e-14
Gradient Boosting,40%,0.9183914309911811,0.9245302290050501,-0.006138798013868962,-0.0073661952200597455,-0.004911400807678179,-9.802893510344962,0.0,0.0
Gradient Boosting,60%,0.91552091042553,0.9245302290050501,-0.009009318579520142,-0.010586767415265822,-0.007431869743774463,-11.19419154251821,0.0,0.0
Gradient Boosting,80%,0.9112185974668117,0.9245302290050501,-0.013311631538238444,-0.015227182631463033,-0.011396080445013855,-13.620517827601649,0.0,0.0
Gradient Boosting,100%,0.9037772255247276,0.9245302290050501,-0.020753003480322496,-0.023355027372888033,-0.01815097958775696,-15.632403275638861,0.0,0.0
Logistic Regression,20%,0.8802777396933452,0.8814826659041339,-0.0012049262107887149,-0.0021158392997349144,-0.0002940131218425152,-2.5926242599916853,0.009524676673383858,0.02787468855793196
Logistic Regression,40%,0.8785090295791138,0.8814826659041339,-0.0029736363250201236,-0.004388701689651153,-0.0015585709603890942,-4.118768887088935,3.8090192953532664e-05,0.000457082315442392
Logistic Regression,60%,0.8771245789176016,0.8814826659041339,-0.0043580869865322835,-0.006109048330491378,-0.002607125642573189,-4.878377539900063,1.0696204022497824e-06,1.6044306033746736e-05
Logistic Regression,80%,0.8758253721520568,0.8814826659041339,-0.0056572937520771305,-0.007669417957620913,-0.0036451695465333487,-5.510741197546766,3.573257889577519e-08,5.717212623324031e-07
Logistic Regression,100%,0.8743166530426085,0.8814826659041339,-0.007166012861525406,-0.009418393174092606,-0.0049136325489582055,-6.235796472835112,4.494851157943458e-10,8.090732084298224e-09
Naive Bayes,20%,0.8520825584542318,0.850094148170583,0.0019884102836487116,0.00110669430080349,0.0028701262664939334,4.42011286148548,9.86493662669119e-06,0.00012824417614698547
Naive Bayes,40%,0.8524745019448385,0.850094148170583,0.0023803537742554948,0.0009682524645637243,0.003792455083947265,3.3039367398923667,0.0009533734250604109,0.008574459838584625
Naive Bayes,60%,0.8530678996122756,0.850094148170583,0.0029737514416925404,0.0010364931338697962,0.004911009749515284,3.0086606428174276,0.0026240203665237605,0.015744122199142563
Naive Bayes,80%,0.8541712065804374,0.850094148170583,0.004077058409854395,0.0016585593094634644,0.006495557510245326,3.3041296075003417,0.0009527177598427361,0.008574459838584625
Naive Bayes,100%,0.8581947645167591,0.850094148170583,0.008100616346176093,0.004780647022235436,0.011420585670116749,4.782335765578581,1.732699395740056e-06,2.4257791540360785e-05
