Classifier,Ratio,AUC_SLTE,AUC_NoSLTE,diff,ci_low,ci_high,z,p,p_holm
Decision Tree,20%,0.9011588392509635,0.8983284080665015,0.0028304311844620234,-0.0021147305914302385,0.007775592960354285,1.1218328889846272,0.2619334994878413,1.0
Decision Tree,40%,0.8927055054203261,0.8920743494843175,0.0006311559360085983,-0.005616205147305689,0.006878517019322886,0.19801410836982983,0.8430340254036137,1.0
Decision Tree,60%,0.8850703057809637,0.8925199373442976,-0.007449631563333892,-0.015004310717987045,0.00010504759131926226,-1.93274625768072,0.05326746372006497,0.42613970976051974
Decision Tree,80%,0.88420442694978,0.8734272328519039,0.01077719409787603,0.0021207648217056434,0.019433623374046416,2.4401863352578546,0.014679687853857315,0.16147656639243047
Decision Tree,100%,0.8690739519864477,0.8689274947998922,0.000146457186555482,-0.008507667856993958,0.008800582230104922,0.033169856479333966,0.9735391359341508,1.0
Random Forest,20%,0.8952579010615944,0.8917627286519296,0.003495172409664793,0.0011954467451920545,0.005794898074137531,2.978850055366768,0.002893323275488635,0.04050652585684089
Random Forest,40%,0.8931085001114905,0.8897389487706633,0.0033695513408271704,0.0005759508219109776,0.006163151859743364,2.3640891327524063,0.018074463427921073,0.18074463427921073
Random Forest,60%,0.8953390583156888,0.8869142734198252,0.008424784895863624,0.005205162392496668,0.01164440739923058,5.128731203308615,2.917014920722494e-07,6.709134317661736e-06
Random Forest,80%,0.8927606175272731,0.8842095784208732,0.008551039106399871,0.004471083990818117,0.012630994221981627,4.1078973110599915,3.9927754433177753e-05,0.0007676533951928022
Random Forest,100%,0.886696559013008,0.8757726774952317,0.010923881517776346,0.005737724933704058,0.016110038101848634,4.128453784175831,3.652108241913865e-05,0.0007669427308019117
Gradient Boosting,20%,0.9224464445582565,0.9208841961961076,0.0015622483621489103,0.0006618691946977225,0.002462627529600098,3.400797020304076,0.0006718969831387422,0.010750351730219876
Gradient Boosting,40%,0.9210281783742049,0.9183914309911811,0.002636747383023774,0.0014661408571030995,0.0038073539089444487,4.414826635843311,1.0109097121180355e-05,0.0002224001366659678
Gradient Boosting,60%,0.9193372007930618,0.91552091042553,0.0038162903675318383,0.0023740510553144872,0.005258529679749189,5.186330075043155,2.1447853670863992e-07,5.147484881007358e-06
Gradient Boosting,80%,0.9151398742396399,0.9112185974668117,0.003921276772828275,0.002054458224940636,0.005788095320715914,4.117005631554294,3.838266975964011e-05,0.0007676533951928022
Gradient Boosting,100%,0.9098031228620675,0.9037772255247276,0.006025897337339936,0.003985105596401657,0.008066689078278216,5.787341522538765,7.150909864250821e-09,1.7877274660627052e-07
Logistic Regression,20%,0.8812223295493331,0.8802777396933452,0.0009445898559878874,-5.358519426846295e-05,0.0019427649062442377,1.8547809998464555,0.06362750635149905,0.44539254446049337
Logistic Regression,40%,0.8808220688791402,0.8785090295791138,0.002313039300026354,0.0007454911718052571,0.0038805874282474505,2.8921325900190875,0.0038263642887415017,0.04974273575363952
Logistic Regression,60%,0.8800768035415414,0.8771245789176016,0.0029522246239397365,0.001207147429679358,0.0046973018182001145,3.3158190835072685,0.0009137496164675074,0.013706244247012611
Logistic Regression,80%,0.8796283665439177,0.8758253721520568,0.0038029943918609366,0.0018648807120912184,0.0057411080716306545,3.8459400425536883,0.00012009112876620875,0.0021616403177917576
Logistic Regression,100%,0.8786846400629735,0.8743166530426085,0.004367987020365005,0.0020828071134542125,0.006653166927275798,3.74642474932702,0.000179372778008835,0.003049337226150195
Naive Bayes,20%,0.8510739061700119,0.8520825584542318,-0.0010086522842198686,-0.0017799318431611822,-0.0002373727252785551,-2.563219074267426,0.010370658850747505,0.12444790620897006
Naive Bayes,40%,0.8525563498989679,0.8524745019448385,8.184795412935486e-05,-0.0009605790902927141,0.0011242749985514238,0.1538927745130355,0.8776942813406368,1.0
Naive Bayes,60%,0.853585694405065,0.8530678996122756,0.0005177947927894611,-0.0005706777375370283,0.0016062673231159504,0.9323871439942808,0.3511364863171367,1.0
Naive Bayes,80%,0.8554075596428115,0.8541712065804374,0.0012363530623740182,6.801284794688317e-05,0.0024046932768011535,2.074097914571274,0.03807021822727186,0.3426319640454467
Naive Bayes,100%,0.8593416719246207,0.8581947645167591,0.0011469074078616082,-0.0005264485260184026,0.002820263341741619,1.3433714094505025,0.17915173984777444,1.0
