Classifier,Ratio,Versus,AUC_real,AUC_mixed,diff,ci_low,ci_high,z,p,p_holm
Decision Tree,20%,No-SLTE,0.8982118812147895,0.9015159599481468,-0.003304078733357363,-0.008686372902095646,0.00207821543538092,-1.2032033393853931,0.22889764296904014,1.0
Decision Tree,20%,SLTE,0.8982118812147895,0.9010100797309586,-0.002798198516169137,-0.008208087236865053,0.002611690204526779,-1.0137859343964468,0.3106849083591756,1.0
Decision Tree,40%,No-SLTE,0.8955669605480199,0.894665309210865,0.0009016513371549184,-0.005207114140667203,0.00701041681497704,0.2892952147597733,0.772355473909518,1.0
Decision Tree,40%,SLTE,0.8955669605480199,0.9006181362403516,-0.005051175692331711,-0.010361467468245126,0.0002591160835817034,-1.8643616536997571,0.06227093407960593,1.0
Decision Tree,60%,No-SLTE,0.8962073833761626,0.888436029492431,0.007771353883731624,0.0007998664144271,0.014742841353036149,2.184878575652595,0.028897750765256136,0.8958302737229402
Decision Tree,60%,SLTE,0.8962073833761626,0.893689896865822,0.002517486510340561,-0.00422211197566975,0.009257084996350872,0.7321316797298524,0.46408819936793266,1.0
Decision Tree,80%,No-SLTE,0.8760107675530766,0.86851483030824,0.007495937244836659,-0.0018356654622183211,0.016827539951891637,1.5744387605327665,0.1153860488281171,1.0
Decision Tree,80%,SLTE,0.8760107675530766,0.8737938794537345,0.0022168880993420625,-0.0067703666324830745,0.0112041428311672,0.4834736306431627,0.6287594786275008,1.0
Random Forest,20%,No-SLTE,0.8949766422515717,0.8955248854042306,-0.0005482431526588893,-0.0027110274247918657,0.001614541119474087,-0.4968394643223831,0.6193022631091782,1.0
Random Forest,20%,SLTE,0.8949766422515717,0.8946816557783561,0.0002949864732155749,-0.0016732302142218047,0.0022632031606529546,0.2937549971976456,0.7689451256006594,1.0
Random Forest,40%,No-SLTE,0.893593313977616,0.8953450731618255,-0.001751759184209556,-0.0044641541189212415,0.0009606357505021297,-1.2658363120766145,0.20557169170553147,1.0
Random Forest,40%,SLTE,0.893593313977616,0.8939557012625652,-0.0003623872849491949,-0.002656643069051684,0.001931868499153294,-0.30959018755543105,0.7568726191277879,1.0
Random Forest,60%,No-SLTE,0.8953398929115644,0.8925971806315278,0.00274271228003653,-0.0007238311381473281,0.006209255698220388,1.5507424602481878,0.12096341469594174,1.0
Random Forest,60%,SLTE,0.8953398929115644,0.8911935918232168,0.00414630108834757,0.0011250423000835727,0.0071675598766115685,2.6898556868843513,0.007148292420914526,0.23589364989017936
Random Forest,80%,No-SLTE,0.8948000532759961,0.8896383080197527,0.005161745256243355,0.0009112637924791906,0.00941222672000752,2.3802058163259203,0.017302970762423486,0.5536950643975516
Random Forest,80%,SLTE,0.8948000532759961,0.892572948571972,0.0022271047040240965,-0.0013675278552966472,0.00582173726334484,1.2143453184300097,0.22461588693256296,1.0
Gradient Boosting,20%,No-SLTE,0.9238418600828218,0.9217653855447303,0.002076474538091455,0.001261201098043315,0.0028917479781395954,4.992055296709941,5.974014496423763e-07,2.2103853636767923e-05
Gradient Boosting,20%,SLTE,0.9238418600828218,0.9244874056028896,-0.0006455455200677918,-0.0014445929955395937,0.00015350195540401004,-1.583471893939452,0.11331394782917092,1.0
Gradient Boosting,40%,No-SLTE,0.9241756120954929,0.9195275749901661,0.004648037105326797,0.0034048068869282997,0.0058912673237252935,7.327808310657081,2.34035013590983e-13,9.127365530048337e-12
Gradient Boosting,40%,SLTE,0.9241756120954929,0.9226979457084448,0.0014776663870481599,0.0005911153633116347,0.002364217410784685,3.266846510884099,0.001087526259445637,0.038063419080597294
Gradient Boosting,60%,No-SLTE,0.9217484346147085,0.9165029707584083,0.005245463856300203,0.0034420092588027234,0.007048918453797683,5.700786242478592,1.1925610055030234e-08,4.531731820911489e-07
Gradient Boosting,60%,SLTE,0.9217484346147085,0.920528687132339,0.0012197474823694154,-5.636210643266771e-06,0.0024451311753820974,1.9509848866736235,0.05105884365003899,1.0
Gradient Boosting,80%,No-SLTE,0.9209912547015089,0.9114393912446173,0.00955186345689163,0.007194691981345393,0.011909034932437865,7.942422759536046,1.9984014443252818e-15,7.993605777301127e-14
Gradient Boosting,80%,SLTE,0.9209912547015089,0.9179110491169458,0.0030802055845631227,0.0013084290612715068,0.0048519821078547385,3.4074291347577925,0.0006557793470121087,0.023608056492435914
Logistic Regression,20%,No-SLTE,0.8813784277572083,0.8815588731413118,-0.0001804453841034448,-0.0006203883338874651,0.0002594975656805756,-0.8039063997192799,0.4214510337726052,1.0
Logistic Regression,20%,SLTE,0.8813784277572083,0.881772241893743,-0.0003938141365347203,-0.0007559391966657138,-3.168907640372677e-05,-2.1315169608224207,0.033046576667837835,0.991397300035135
Logistic Regression,40%,No-SLTE,0.8814054226169037,0.8810634685413188,0.00034195407558490487,-0.0004707401720735671,0.0011546483232433768,0.8247012822810973,0.40954120352968104,1.0
Logistic Regression,40%,SLTE,0.8814054226169037,0.881770802935337,-0.0003653803184333615,-0.001050245254539119,0.00031948461767239585,-1.0456739517159348,0.29571159313734463,1.0
Logistic Regression,60%,No-SLTE,0.8812752832186714,0.8804310175427448,0.0008442656759266587,-0.000347977386716362,0.0020365087385696796,1.3879390676829766,0.16515560017520814,1.0
Logistic Regression,60%,SLTE,0.8812752832186714,0.8816096971522092,-0.00033441393353772497,-0.0014181020502437019,0.0007492741831682519,-0.6048338997444005,0.5452893666530796,1.0
Logistic Regression,80%,No-SLTE,0.8807267522743314,0.8793001689106936,0.0014265833636377678,-0.0002870880625020836,0.0031402547897776195,1.631644987527403,0.10275429526860069,1.0
Logistic Regression,80%,SLTE,0.8807267522743314,0.8810668069248204,-0.00034005465048903005,-0.0022412340009170715,0.0015611246999390114,-0.3505756123473769,0.725906755230731,1.0
Naive Bayes,20%,No-SLTE,0.8506743937581898,0.8506867112421446,-1.2317483954804587e-05,-0.0006012808127137752,0.0005766458448041661,-0.04099112350897666,0.9673029723296775,1.0
Naive Bayes,20%,SLTE,0.8506743937581898,0.8511681579456003,-0.0004937641874105392,-0.000850108390662732,-0.0001374199841583463,-2.7158511307106585,0.006610563556101345,0.22475916090744574
Naive Bayes,40%,No-SLTE,0.8511721006916324,0.8501965444507491,0.0009755562408833018,-0.00024631626834603344,0.0021974287501126373,1.5648852214027416,0.11760982450503699,1.0
Naive Bayes,40%,SLTE,0.8511721006916324,0.8515278112095781,-0.0003557105179456954,-0.0011880144386700986,0.0004765934027787077,-0.8376659028191952,0.4022183685120613,1.0
Naive Bayes,60%,No-SLTE,0.84943660173741,0.8491524650105753,0.00028413672683469393,-0.0015405089486454139,0.0021087824023148017,0.3052143175411107,0.7602029285289065,1.0
Naive Bayes,60%,SLTE,0.84943660173741,0.8500540587893939,-0.0006174570519839051,-0.002087382530912194,0.0008524684269443836,-0.8233178070842155,0.41032728986530054,1.0
Naive Bayes,80%,No-SLTE,0.8464728078878865,0.846999121314439,-0.000526313426552516,-0.003370826787001721,0.002318199933896689,-0.3626540589986982,0.7168633221581517,1.0
Naive Bayes,80%,SLTE,0.8464728078878865,0.8475156498238312,-0.0010428419359447272,-0.003679420224304985,0.0015937363524155305,-0.7752359197810328,0.43820026668780576,1.0
