Ratio,Real_N,Classifier,AUC,PR_AUC,F1,MacroF1,Precision,Recall,Accuracy,BalAcc,Brier,ECE,PosPreds,TP,FP,FN,TN
0%,39073,Logistic Regression,0.8814826659041339,0.717825687270683,0.6512030465639606,0.7523873673340113,0.5469613259668509,0.8045337895637297,0.7937352850854744,0.7974357818764686,0.14163146162271062,0.14514793812509247,3439,1881,1558,457,5873
0%,39073,Naive Bayes,0.8500941481705832,0.6688334752942009,0.4339352249928346,0.6554372990812513,0.6576889661164205,0.3237810094097519,0.7978298699969291,0.6353799408507513,0.18243233668689177,0.18058718924161724,1151,757,394,1581,7037
0%,39073,Decision Tree,0.9022726506154886,0.7649940872964065,0.6735036987222596,0.7653022540704749,0.5548476454293629,0.8567151411462789,0.8012079025488791,0.820229458609743,0.12516739695500356,0.10914747475021319,3610,2003,1607,335,5824
0%,39073,Random Forest,0.8955181798580589,0.7626019499729131,0.669917978275327,0.7854148352812717,0.6953520478601013,0.646278870829769,0.8475790766711024,0.7785963052843503,0.1077633672243723,0.048475734635934256,2173,1511,662,827,6769
0%,39073,Gradient Boosting,0.92453022900505,0.8214347984382357,0.699639855942377,0.8091317083653862,0.7974822112753147,0.6231822070145423,0.8719418568942573,0.786695396334616,0.09034253088757285,0.013693617314918848,1827,1457,370,881,7061
20%,31259,Logistic Regression,0.8813784277572083,0.7177659163049244,0.650310988251555,0.7515554941257775,0.5455072463768116,0.804961505560308,0.7928140034803972,0.7969767829241454,0.1420164891633911,0.14587885075599175,3450,1882,1568,456,5863
20%,31259,Naive Bayes,0.8506743937581898,0.6694453418511715,0.4339352249928346,0.6554372990812513,0.6576889661164205,0.3237810094097519,0.7978298699969291,0.6353799408507513,0.18276754253346178,0.1810383102528107,1151,757,394,1581,7037
20%,31259,Decision Tree,0.8982118812147895,0.7567146107921496,0.665574307717516,0.7568288360321856,0.5394422310756972,0.8686911890504705,0.7910738048930289,0.8176721992890624,0.12740011383583988,0.10976155220954635,3765,2031,1734,307,5697
20%,31259,Random Forest,0.8949766422515716,0.7553336184814241,0.6623521535371569,0.7809336646014802,0.6924871675221652,0.6347305389221557,0.8451223257242297,0.7730239964157273,0.10834543610491956,0.043615570068648774,2143,1484,659,854,6772
20%,31259,Gradient Boosting,0.9238418600828218,0.8205399771741737,0.6991404011461319,0.808527855296193,0.7913513513513514,0.6261762189905903,0.8710205752891801,0.7871158312016604,0.09064191718574675,0.014519677233492656,1850,1464,386,874,7045
40%,23444,Logistic Regression,0.8814054226169036,0.7171882312346193,0.6527658107875237,0.7530301569409041,0.5466089466089467,0.8100940975192472,0.7937352850854744,0.7993412218184313,0.14238477863332388,0.14631827606708764,3465,1894,1571,444,5860
40%,23444,Naive Bayes,0.8511721006916325,0.6700888588858375,0.4339352249928346,0.6554372990812513,0.6576889661164205,0.3237810094097519,0.7978298699969291,0.6353799408507513,0.1814613172203616,0.17958390128279128,1151,757,394,1581,7037
40%,23444,Decision Tree,0.8955669605480197,0.7538996291709381,0.6762956669498725,0.7683829466368787,0.5610374964758951,0.8511548331907614,0.8049953935919746,0.8208135893850457,0.12729591138845128,0.10922237340113547,3547,1990,1557,348,5874
40%,23444,Random Forest,0.893593313977616,0.7504890170429057,0.6630944407233758,0.781444291880381,0.6936011209715086,0.635158254918734,0.8455317842153751,0.7734397114992002,0.10882887771007292,0.04437159411764919,2141,1485,656,853,6775
40%,23444,Gradient Boosting,0.924175612095493,0.8204893227506301,0.7023667224480038,0.8106428206834614,0.7962059620596206,0.6283147989734816,0.8725560446309756,0.7888579781437184,0.09056581597479012,0.015078070157203088,1845,1469,376,869,7055
60%,15630,Logistic Regression,0.8812752832186714,0.7168068048273155,0.649922587304318,0.7508265031239258,0.5435971223021583,0.8079555175363559,0.7916879926297472,0.7972626464010673,0.14292750564765938,0.14791661966012448,3475,1889,1586,449,5845
60%,15630,Naive Bayes,0.8494366017374099,0.6664048954307671,0.433390508862207,0.6549122120370885,0.653448275862069,0.3242087254063302,0.7971133176374245,0.6350555132885507,0.18281278312701207,0.18081527388840274,1160,758,402,1580,7029
60%,15630,Decision Tree,0.8962073833761625,0.7530465427244813,0.6640874684608915,0.7585868078712903,0.5472691987801497,0.844311377245509,0.795577848295629,0.8122781485877659,0.12809832152116318,0.1122766674305069,3607,1974,1633,364,5798
60%,15630,Random Forest,0.8953398929115642,0.7558090140134756,0.6680207628074927,0.7853243418194477,0.7071189679885332,0.6330196749358425,0.8494216398812571,0.7752637063953873,0.106660132138547,0.036729536645522774,2093,1480,613,858,6818
60%,15630,Gradient Boosting,0.9217484346147085,0.8172434224241863,0.6971949172860226,0.8075029053795246,0.7932351336606656,0.6218990590248076,0.870713481420821,0.7854482510841976,0.09160332017944547,0.012730071778399108,1833,1454,379,884,7052
80%,7815,Logistic Regression,0.8807267522743313,0.7149668256301394,0.6461591338717992,0.7480376542600486,0.5400746911806952,0.8041060735671514,0.7892312416828744,0.7943286389905464,0.14392290579721656,0.15166046787093546,3481,1880,1601,458,5830
80%,7815,Naive Bayes,0.8464728078878865,0.653523896625232,0.42917726887192537,0.6514988275488931,0.6330275229357798,0.3246364414029085,0.793325826594329,0.632712514874513,0.19137176473781245,0.19104812904085378,1199,759,440,1579,6991
80%,7815,Decision Tree,0.8760107675530764,0.7003271922942436,0.6589134407708922,0.7535265480354202,0.5387123064384678,0.8481608212147135,0.7898454294195926,0.8098293003933883,0.13623112817447536,0.12235778314403695,3681,1983,1698,355,5733
80%,7815,Random Forest,0.8948000532759961,0.7582875158082415,0.6648122392211405,0.7849153156168761,0.7257085020242915,0.613344739093242,0.8519807554509161,0.7702035228234343,0.10564579306956752,0.029553343596361924,1976,1434,542,904,6889
80%,7815,Gradient Boosting,0.9209912547015089,0.8154438013359225,0.6954424885459368,0.8066907719189953,0.7971254836926479,0.6167664670658682,0.870713481420821,0.7836893834454628,0.09205082768270895,0.015586663672209927,1809,1442,367,896,7064
