N_Ref,Classifier,AUC,PR_AUC,F1,MacroF1,Precision,Recall,Accuracy,BalAcc,Brier,ECE,PosPreds,TP,FP,FN,TN
500,Logistic Regression,0.6043481370722928,0.26780575394223943,0.3113622096672944,0.5607137129019798,0.2921083627797409,0.3333333333333333,0.7022527820501221,0.5644673695348222,0.20485599711640753,0.15851161646914563,5094,1488,3606,2976,14036
500,Naive Bayes,0.590183528462747,0.2725525709311426,0.27688277668631306,0.5629704639917882,0.3333333333333333,0.2367831541218638,0.7502488012304351,0.5584777350929011,0.19533184490695416,0.1541803725838452,3171,1057,2114,3407,15528
500,Decision Tree,0.5490105326609399,0.24859694248056938,0.29504476106417854,0.5704710313410526,0.3374675511970003,0.2620967741935484,0.7470822401158057,0.5659480583358627,0.21846732884188533,0.2162541000364862,3467,1170,2297,3294,15345
500,Random Forest,0.6104608384540965,0.26698002453596603,0.018010103228640457,0.45263701409446344,0.4606741573033708,0.009184587813620072,0.7977472179498779,0.5032319039283495,0.19098505383153896,0.1806251696372026,89,41,48,4423,17594
500,Gradient Boosting,0.6890290673649027,0.3194353962593266,0.002682163611980331,0.44519834689230553,0.6,0.0013440860215053765,0.7981543472360445,0.5005586771792143,0.18941254648453018,0.1784692292203572,10,6,4,4458,17638
1000,Logistic Regression,0.5790147465481323,0.2443552386773315,0.3083303918108013,0.5349741983384907,0.25436808386721027,0.3913530465949821,0.6454356283361983,0.5505399174704874,0.22221382537530973,0.19193105856945109,6868,1747,5121,2717,12521
1000,Naive Bayes,0.5742871958270809,0.2598913234303081,0.05185646131507986,0.4679073629466415,0.35014005602240894,0.02800179211469534,0.7932235592146929,0.507425677828122,0.17545793594898118,0.1156473872539413,357,125,232,4339,17410
1000,Decision Tree,0.6055275391609872,0.2670746950746566,0.29731689630166785,0.5677691387847034,0.3228346456692913,0.27553763440860213,0.736994481136343,0.5646478558620496,0.20848024695118167,0.19610819464661428,3810,1230,2580,3234,15062
1000,Random Forest,0.6143868858893672,0.2655771853285781,0.011448701012769706,0.4491324674713458,0.3333333333333333,0.005824372759856631,0.7968877227901927,0.5014384305699294,0.19114627702886097,0.17995476341264818,78,26,52,4438,17590
1000,Gradient Boosting,0.6999643433477215,0.3260263523061088,0.0017853157777281857,0.44460160052811304,0.23529411764705882,0.0008960573476702509,0.7976567447751741,0.5000795897213354,0.18911419969523166,0.17958129468634157,17,4,13,4460,17629
5000,Logistic Regression,0.5963205588021254,0.2661022143301394,0.3002216013103382,0.5427747677878502,0.2633981403212172,0.34901433691756273,0.6714466660635122,0.5510234364556071,0.20574857499723112,0.16249123075298727,5915,1558,4357,2906,13285
5000,Naive Bayes,0.5920552582749946,0.2777043554602464,0.13151593295266162,0.5049710237436902,0.3699481865284974,0.07997311827956989,0.7867094906360265,0.5227549527459521,0.17468277368575016,0.12145198419534975,965,357,608,4107,17034
5000,Decision Tree,0.6232023554189476,0.2882090767978897,0.35471863367637396,0.593346545300471,0.3468950749464668,0.3629032258064516,0.7333755541481951,0.5950101663552154,0.2028435284664801,0.1813869633990279,4670,1620,3050,2844,14592
5000,Random Forest,0.6501649290000767,0.29189918063370146,0.014524647887323943,0.4508188430522634,0.4125,0.00739247311827957,0.7974305618384149,0.5023641880385639,0.18617811906269793,0.17242332398443863,80,33,47,4431,17595
5000,Gradient Boosting,0.7103076676036616,0.3352642281889894,0.0,0.44381824586121876,0.0,0.0,0.7979734008866372,0.4999433170842308,0.18616670507380012,0.17443608367068061,2,0,2,4464,17640
88420,Logistic Regression,0.596196641110595,0.27147139026491435,0.30293751794086693,0.5435779974408579,0.2644062134625021,0.3546146953405018,0.6704514611417715,0.5524915671465007,0.20320235881067916,0.18430118931366177,5987,1583,4404,2881,13238
88420,Naive Bayes,0.5986700935958871,0.2784031733148079,0.09540705696826335,0.4890791384894972,0.3973727422003284,0.05421146953405018,0.7924093006423596,0.5167044197233792,0.17007032346113646,0.10844726118078621,609,242,367,4222,17275
88420,Decision Tree,0.6499058116343411,0.31202809733626724,0.4043262730959892,0.6023805475453675,0.3382596893379581,0.5024641577060932,0.7010313941916222,0.6268697616554499,0.19663930617204461,0.16651379247862186,6631,2243,4388,2221,13254
88420,Random Forest,0.6851025945538081,0.32257642570959977,0.017613386173491855,0.4525677215717472,0.5128205128205128,0.008960573476702509,0.7981543472360445,0.5034033113387367,0.17854162670768117,0.1580303989867005,78,40,38,4424,17604
88420,Gradient Boosting,0.711374770474824,0.3496673703365205,0.0004479283314669653,0.4440813622083531,1.0,0.00022401433691756272,0.7981091106486926,0.5001120071684588,0.18100517561675827,0.1652165373434507,1,1,0,4463,17642
