Arm,Classifier,AUC,PR_AUC,F1,MacroF1,Precision,Recall,Accuracy,BalAcc,Brier,ECE,PosPreds,TP,FP,FN,TN
No-SLTE,Logistic Regression,0.5889345234612416,0.2604209244927674,0.34066232356134635,0.5055191112989253,0.24435358255451714,0.5622759856630825,0.5604813172894236,0.5611515967313259,0.24283235125347233,0.2892874115932313,10272,2510,7762,1954,9880
No-SLTE,Naive Bayes,0.5631504758215873,0.2463329972836064,0.017872711421098517,0.45207687660697565,0.33064516129032256,0.009184587813620072,0.7961639373925631,0.5022399529023888,0.16347534727802296,0.04700441173443554,124,41,83,4423,17559
No-SLTE,Decision Tree,0.6468123262688947,0.2916883502708462,0.3992775771047513,0.5546159820055552,0.2893677003624648,0.6438172043010753,0.6087939925811997,0.6218745924010761,0.22077179403939198,0.2314164490030255,9932,2874,7058,1590,10584
No-SLTE,Random Forest,0.6360853384152919,0.2690301632943464,0.04776611076796376,0.4651230503020355,0.2951653944020356,0.025985663082437275,0.790780783497693,0.5051422477071862,0.16459942549534062,0.08693069754817695,393,116,277,4348,17365
No-SLTE,Gradient Boosting,0.6872562533039638,0.3099080345209959,0.0008954555630176853,0.4443023006837607,0.6666666666666666,0.00044802867383512545,0.7981091106486926,0.500195672879033,0.15476568477554226,0.057770570926502514,3,2,1,4462,17641
Stage 2 only,Logistic Regression,0.5968674905294835,0.27220893462100704,0.3366602115298674,0.5236864365646479,0.2521758536041062,0.5062724014336918,0.5971229530444223,0.5631917499742998,0.22987558597221813,0.24650511510692832,8962,2260,6702,2204,10940
Stage 2 only,Naive Bayes,0.5983584899325859,0.27802669189214113,0.10895238095238095,0.4944433379532194,0.3638676844783715,0.06406810035842293,0.7883832443680449,0.5178633212369147,0.16824981749365078,0.09011987852745294,786,286,500,4178,17142
Stage 2 only,Decision Tree,0.6481219949420148,0.31016359088501166,0.40763900625316885,0.5955669859853157,0.32727272727272727,0.5403225806451613,0.6828915226635303,0.6296443421307656,0.20846104882830824,0.19477189023700486,7370,2412,4958,2052,12684
Stage 2 only,Random Forest,0.683747378923057,0.32231969020722906,0.016743776162150253,0.45212456622490094,0.5066666666666667,0.008512544802867384,0.7981091106486926,0.5032076384597037,0.1787226771012395,0.15817018004161768,75,38,37,4426,17605
Stage 2 only,Gradient Boosting,0.7094786355182872,0.3492365530288486,0.0004479283314669653,0.4440813622083531,1.0,0.00022401433691756272,0.7981091106486926,0.5001120071684588,0.17771322801769418,0.15747185750004034,1,1,0,4463,17642
Stage 3 only,Logistic Regression,0.5990356501510122,0.26913888278418086,0.14834578441835647,0.5121360951114845,0.3601036269430052,0.09341397849462366,0.7834072197593414,0.525705968954828,0.18590565156836583,0.1658143585459168,1158,417,741,4047,16901
Stage 3 only,Naive Bayes,0.578578501419511,0.25760952236357715,0.0075421472937000885,0.4474291433627477,0.38636363636363635,0.0038082437275985663,0.7976115081878223,0.5011389025009152,0.16625302916690268,0.08148120467973508,44,17,27,4447,17615
Stage 3 only,Decision Tree,0.6594166119138144,0.3013912826395724,0.3478447351490457,0.5867527293242218,0.3336075689016865,0.3633512544802867,0.7248710757260473,0.5898493036940602,0.17978338498814977,0.13066394907447862,4862,1622,3240,2842,14402
Stage 3 only,Random Forest,0.6364859218125206,0.26807505089996,0.042018537590113286,0.46192193998442577,0.2608695652173913,0.0228494623655914,0.7896046322265449,0.5032340498541482,0.1644328372387587,0.08586944720890255,391,102,289,4362,17353
Stage 3 only,Gradient Boosting,0.6977884253790746,0.32506663638934463,0.0,0.4438462312569186,0.0,0.0,0.7980638740613408,0.5,0.16250050291454587,0.10479832941747626,0,0,0,4464,17642
Full SLTE,Logistic Regression,0.596196641110595,0.27147139026491435,0.30293751794086693,0.5435779974408579,0.2644062134625021,0.3546146953405018,0.6704514611417715,0.5524915671465007,0.20320235881067916,0.18430118931366177,5987,1583,4404,2881,13238
Full SLTE,Naive Bayes,0.5986700935958871,0.2784031733148079,0.09540705696826335,0.4890791384894972,0.3973727422003284,0.05421146953405018,0.7924093006423596,0.5167044197233792,0.17007032346113646,0.10844726118078621,609,242,367,4222,17275
Full SLTE,Decision Tree,0.6499058116343411,0.31202809733626724,0.4043262730959892,0.6023805475453675,0.3382596893379581,0.5024641577060932,0.7010313941916222,0.6268697616554499,0.19663930617204461,0.16651379247862186,6631,2243,4388,2221,13254
Full SLTE,Random Forest,0.6851025945538081,0.32257642570959977,0.017613386173491855,0.4525677215717472,0.5128205128205128,0.008960573476702509,0.7981543472360445,0.5034033113387367,0.17854162670768117,0.1580303989867005,78,40,38,4424,17604
Full SLTE,Gradient Boosting,0.711374770474824,0.3496673703365205,0.0004479283314669653,0.4440813622083531,1.0,0.00022401433691756272,0.7981091106486926,0.5001120071684588,0.18100517561675827,0.1652165373434507,1,1,0,4463,17642
