Seed,Ratio,Mode,Classifier,AUC,PR_AUC,F1,MacroF1,Precision,Recall,Accuracy,BalAcc,Brier,ECE,PosPreds,TP,FP,FN,TN
42,0%,No-SLTE,Logistic Regression,0.6647592116340973,0.3016807767527252,0.40737179487179487,0.5871473874144679,0.3171157684630739,0.5694444444444444,0.6654301999457161,0.6295810817619569,0.2327290428686299,0.27958543992400475,8016,2542,5474,1922,12168
42,0%,No-SLTE,Naive Bayes,0.6360747865553,0.2895030306017727,0.18716490658001625,0.527852101449348,0.34062684801892373,0.12903225806451613,0.7736813534786936,0.5329154034909362,0.16731740426538522,0.05431850661339689,1691,576,1115,3888,16527
42,0%,No-SLTE,Decision Tree,0.7156938080314207,0.3392189249912023,0.4377281167957994,0.5653232295816731,0.30646462835111626,0.7656810035842294,0.6027775264634035,0.6636193250547833,0.21739250092462456,0.23319168618910519,11153,3418,7735,1046,9907
42,0%,No-SLTE,Random Forest,0.7106248646416035,0.35032320546696166,0.26292852992446253,0.5634991985241686,0.3739669421487603,0.20273297491039427,0.7704695557767122,0.5584291787600378,0.1586042572363989,0.0796885678731609,2420,905,1515,3559,16127
42,0%,No-SLTE,Gradient Boosting,0.7289769236535979,0.36067525631551056,0.0066725978647686835,0.4471121071708777,0.46875,0.003360215053763441,0.7979734008866372,0.5011983027428436,0.14451800624080918,0.011313700329332557,32,15,17,4449,17625
42,0%,SLTE,Logistic Regression,0.6647592116340973,0.3016807767527252,0.40737179487179487,0.5871473874144679,0.3171157684630739,0.5694444444444444,0.6654301999457161,0.6295810817619569,0.2327290428686299,0.27958543992400475,8016,2542,5474,1922,12168
42,0%,SLTE,Naive Bayes,0.6360747865553,0.2895030306017727,0.18716490658001625,0.527852101449348,0.34062684801892373,0.12903225806451613,0.7736813534786936,0.5329154034909362,0.16731740426538522,0.05431850661339689,1691,576,1115,3888,16527
42,0%,SLTE,Decision Tree,0.7156938080314207,0.3392189249912023,0.4377281167957994,0.5653232295816731,0.30646462835111626,0.7656810035842294,0.6027775264634035,0.6636193250547833,0.21739250092462456,0.23319168618910519,11153,3418,7735,1046,9907
42,0%,SLTE,Random Forest,0.7106248646416035,0.35032320546696166,0.26292852992446253,0.5634991985241686,0.3739669421487603,0.20273297491039427,0.7704695557767122,0.5584291787600378,0.1586042572363989,0.0796885678731609,2420,905,1515,3559,16127
42,0%,SLTE,Gradient Boosting,0.7289769236535979,0.36067525631551056,0.0066725978647686835,0.4471121071708777,0.46875,0.003360215053763441,0.7979734008866372,0.5011983027428436,0.14451800624080918,0.011313700329332557,32,15,17,4449,17625
42,20%,No-SLTE,Logistic Regression,0.6614340551669017,0.3012529945276288,0.4089336269267065,0.585150074829876,0.31507513330101794,0.5824372759856631,0.6600018094634941,0.6310327180291087,0.23505060449542778,0.28294796005288053,8252,2600,5652,1864,11990
42,20%,No-SLTE,Naive Bayes,0.6303309431529274,0.2858535284876865,0.2233625113190462,0.5432249155328802,0.3422756706753006,0.16577060931899643,0.767212521487379,0.5425837515476061,0.17292511254848275,0.07329951615823989,2162,740,1422,3724,16220
42,20%,No-SLTE,Decision Tree,0.711701421014287,0.3395935536725619,0.4389990250243744,0.5697961094525557,0.30922076732899917,0.7564964157706093,0.6095630145661811,0.6644402496039307,0.21825064171806793,0.24219395401730745,10921,3377,7544,1087,10098
42,20%,No-SLTE,Random Forest,0.7056027252902105,0.3457418286441358,0.25409104433204405,0.5601743565218502,0.37821080602302926,0.19130824372759855,0.7731837510178232,0.5558627149938299,0.15872340759142792,0.07542409170652162,2258,854,1404,3610,16238
42,20%,No-SLTE,Gradient Boosting,0.7251631373425017,0.3550751426960459,0.01412180052956752,0.45076049703897736,0.47058823529411764,0.007168458781362007,0.7978829277119334,0.5025639369068357,0.14525274090283088,0.015883906409750594,68,32,36,4432,17606
42,20%,SLTE,Logistic Regression,0.6629889244325309,0.3014873556308986,0.4085920351207275,0.5843824875501908,0.31427882296189097,0.5837813620071685,0.6587351850176423,0.6307411514717851,0.23471768776804625,0.2813993615612368,8292,2606,5686,1858,11956
42,20%,SLTE,Naive Bayes,0.6303267655814021,0.2847245932696078,0.22245635159542446,0.5424728521179848,0.33899082568807337,0.16554659498207885,0.766307789740342,0.5419332566793401,0.17494241975730768,0.0791283409854853,2180,739,1441,3725,16201
42,20%,SLTE,Decision Tree,0.7160562091867768,0.33646413292192107,0.4390515005557614,0.5574156781813713,0.3030690537084399,0.7963709677419355,0.589070840495793,0.6664940656644152,0.2251838660883419,0.24975688714062785,11730,3555,8175,909,9467
42,20%,SLTE,Random Forest,0.7067814416984721,0.3454306323092889,0.24219460442558352,0.5546326879734128,0.3744142455482662,0.1789874551971326,0.7738170632407492,0.5516578813226338,0.15905063772599995,0.08052531864594799,2134,799,1335,3665,16307
42,20%,SLTE,Gradient Boosting,0.7257268745893537,0.3595066035519457,0.01108401684770561,0.4493595445060674,0.5319148936170213,0.005600358422939068,0.7981995838233964,0.5021766671380085,0.14548925415150882,0.017172277834326833,47,25,22,4439,17620
42,40%,No-SLTE,Logistic Regression,0.6556027113226461,0.2992486190570486,0.40383309439372217,0.5743122964135671,0.3044714984639891,0.5994623655913979,0.6425857233330318,0.6264798507471784,0.2384696125343384,0.28763066067430765,8789,2676,6113,1788,11529
42,40%,No-SLTE,Naive Bayes,0.6222996444315232,0.2798472270968777,0.2517500318187603,0.5450195627392522,0.291482463896257,0.22155017921146952,0.7340541029584728,0.5426422248511718,0.184499233172558,0.09558872131971914,3393,989,2404,3475,15238
42,40%,No-SLTE,Decision Tree,0.7015036895702215,0.3229156204876486,0.43592973152137887,0.5718976429090398,0.30957536955088977,0.7365591397849462,0.6150818782231069,0.6604516592247484,0.22107916424406684,0.25036037114874404,10621,3288,7333,1176,10309
42,40%,No-SLTE,Random Forest,0.7018880388483169,0.33603773972881984,0.23928517340602756,0.5528633583268272,0.3693314633006078,0.17697132616487454,0.7727766217316565,0.5502530363961206,0.1586843068283588,0.07520098960630331,2139,790,1349,3674,16293
42,40%,No-SLTE,Gradient Boosting,0.7205844745087377,0.34807872155031855,0.025724874645737954,0.4564712701304399,0.4796747967479675,0.0132168458781362,0.7978376911245816,0.5047945696344541,0.14608399811879463,0.020269538742562092,123,59,64,4405,17578
42,40%,SLTE,Logistic Regression,0.6593129662372986,0.30058318381437354,0.4054490879704456,0.5790018110341353,0.3088287020752726,0.5900537634408602,0.6505473627069573,0.6279539874907509,0.2368582493903857,0.2819561165623289,8529,2634,5895,1830,11747
42,40%,SLTE,Naive Bayes,0.622077128433329,0.2781495486480626,0.2424553743418518,0.5402530818174599,0.2840806500150466,0.2114695340501792,0.7331493712114359,0.5383104387176414,0.1890959985474582,0.11437633675093489,3323,944,2379,3520,15263
42,40%,SLTE,Decision Tree,0.7129504958536144,0.33708747511289083,0.43649266297810924,0.5484014939020476,0.2983393620519566,0.8129480286738351,0.5761331765131639,0.6645796712919113,0.23816321676669475,0.26414045449536333,12164,3629,8535,835,9107
42,40%,SLTE,Random Forest,0.7051908789569856,0.3386995749382204,0.22396733155332182,0.546704236525769,0.3746715712033631,0.1597222222222222,0.7764860218945083,0.5461347762284448,0.15894918634820887,0.08242786429852747,1903,713,1190,3751,16452
42,40%,SLTE,Gradient Boosting,0.7234979751094955,0.35698117974147536,0.015449128227764291,0.4515137831355802,0.5223880597014925,0.007840501792114695,0.7981995838233964,0.5030133242437503,0.14681148936378213,0.02888094305965428,67,35,32,4429,17610
42,60%,No-SLTE,Logistic Regression,0.650687715887754,0.29749191231552463,0.39474245115452933,0.5560333352763057,0.28904380397461243,0.6223118279569892,0.6146295123495883,0.6174987322530667,0.24259057327085973,0.2930235019328412,9611,2778,6833,1686,10809
42,60%,No-SLTE,Naive Bayes,0.6173653991533725,0.2766020315485626,0.27028307473646807,0.5490194763656899,0.28675546619753706,0.25560035842293904,0.7212973853252511,0.5473671217349929,0.20204138401076574,0.12377853719389553,3979,1141,2838,3323,14804
42,60%,No-SLTE,Decision Tree,0.7020279874944079,0.32541159643399326,0.4301952393688152,0.5694522819759034,0.30661456347693483,0.7206541218637993,0.6144938025875328,0.6541429548214813,0.22297546452702485,0.2529696713663293,10492,3217,7275,1247,10367
42,60%,No-SLTE,Random Forest,0.6954813519809968,0.32768116870076014,0.22913156685556746,0.5477850069503271,0.362227602905569,0.16756272401433692,0.772324255858138,0.5464556619731586,0.15886001721587112,0.06969764718144096,2065,748,1317,3716,16325
42,60%,No-SLTE,Gradient Boosting,0.7159410466185492,0.34079063005345556,0.055636896046852125,0.47056653962647954,0.4195583596214511,0.029793906810035842,0.7957568081063965,0.5096821251542527,0.14714969950581716,0.023694664305901978,317,133,184,4331,17458
42,60%,SLTE,Logistic Regression,0.654925957433365,0.2998001230189115,0.39987761970322777,0.5739512705106158,0.3036004645760743,0.5855734767025089,0.6450737356373835,0.6228513568752314,0.23679990095219408,0.27686738394489185,8610,2614,5996,1850,11646
42,60%,SLTE,Naive Bayes,0.6157395619629599,0.2748717285119155,0.2447685478757134,0.5404204453805852,0.2820812627886583,0.21617383512544802,0.7306161223197322,0.5384802969981621,0.2052623833892943,0.1422591645023587,3421,965,2456,3499,15186
42,60%,SLTE,Decision Tree,0.7030704884056009,0.32496344579806813,0.43124196751957006,0.5359502079422609,0.29168642326537064,0.826836917562724,0.5595765855423867,0.6593939717617497,0.25275007081214224,0.28497692890633913,12654,3691,8963,773,8679
42,60%,SLTE,Random Forest,0.6989176521672174,0.3297121531741133,0.18590704647676162,0.5290026216183437,0.36257309941520466,0.125,0.7789287976115082,0.5346970298152137,0.15971192998646425,0.0859993677846992,1539,558,981,3906,16661
42,60%,SLTE,Gradient Boosting,0.7199278339121492,0.34937325764165644,0.014543851917144116,0.4509125974310729,0.44594594594594594,0.00739247311827957,0.797701981362526,0.5025342367858714,0.1494990856162086,0.04785930158677268,74,33,41,4431,17601
42,80%,No-SLTE,Logistic Regression,0.6447203279665379,0.29491794510215746,0.3872575431034483,0.5387111853918004,0.2768682588597843,0.6440412186379928,0.5884375282728671,0.6092046020635832,0.24753233450352163,0.299309842015515,10384,2875,7509,1589,10133
42,80%,No-SLTE,Naive Bayes,0.6139631036374993,0.2736345357739076,0.2826210826210826,0.5524909459723355,0.2876362792855486,0.2777777777777778,0.7152356826201032,0.551852271725302,0.21957360684987146,0.14604914169451114,4311,1240,3071,3224,14571
42,80%,No-SLTE,Decision Tree,0.687963386645749,0.31755702715669254,0.42828644149411843,0.5741095223477332,0.30904397895363844,0.6973566308243727,0.6240387225187732,0.651421768535415,0.22903590058581283,0.2624489431171658,10073,3113,6960,1351,10682
42,80%,No-SLTE,Random Forest,0.6819295575603835,0.3103336562669889,0.19767256496094374,0.5325061209053117,0.3427307904919845,0.1388888888888889,0.772324255858138,0.5357464510196627,0.1601584398535398,0.06608431417502847,1809,620,1189,3844,16453
42,80%,No-SLTE,Gradient Boosting,0.7118601941278125,0.3354936154137883,0.09505182867201252,0.4883556030748487,0.37442218798151,0.05443548387096774,0.7906903103229892,0.5157111100343389,0.14853156765727382,0.029376409671700684,649,243,406,4221,17236
42,80%,SLTE,Logistic Regression,0.6508623231401603,0.29942529536524237,0.39284578696343403,0.5756907235272405,0.30446032528339084,0.5535394265232975,0.6544829458065684,0.616782183503118,0.2305138308350466,0.2577716897364747,8116,2471,5645,1993,11997
42,80%,SLTE,Naive Bayes,0.6116112768934024,0.2734128204882774,0.2428050772904361,0.5383105513331232,0.27655310621242485,0.2163978494623656,0.7274495612051027,0.5365800606568149,0.21858888331621176,0.16817466893919397,3493,966,2527,3498,15115
42,80%,SLTE,Decision Tree,0.6882330939648338,0.31720596842469884,0.4246541194067057,0.5484415239510274,0.29416335693317214,0.7632168458781362,0.5823758255677192,0.6499170047325156,0.25954584254414215,0.2794940448913473,11582,3407,8175,1057,9467
42,80%,SLTE,Random Forest,0.6912636237083305,0.31695623629395253,0.13335762433958825,0.5052553687382418,0.3570731707317073,0.08198924731182795,0.7848095539672487,0.5223176029099668,0.16153738451848257,0.09304922526689362,1025,366,659,4098,16983
42,80%,SLTE,Gradient Boosting,0.7170455444688649,0.34561323929643817,0.019315188762071993,0.4533231178831542,0.4782608695652174,0.00985663082437276,0.7978829277119334,0.5035679254337259,0.15397391940067273,0.07436720716409354,92,44,48,4420,17594
42,100%,No-SLTE,Logistic Regression,0.6385102599632921,0.29177554891380386,0.38185206606259237,0.5230610370451176,0.2677300171217446,0.6655465949820788,0.5648692662625532,0.602470610720832,0.25499952425114447,0.30825487242335353,11097,2971,8126,1493,9516
42,100%,No-SLTE,Naive Bayes,0.608120750812963,0.26698788761811,0.29119258322798147,0.5487068906923318,0.2748607796340493,0.3095878136200717,0.695648240296752,0.5514609513628077,0.24177247532846755,0.16939784496649568,5028,1382,3646,3082,13996
42,100%,No-SLTE,Decision Tree,0.6706698404528294,0.30213695657681156,0.4259432075723237,0.5655563350425808,0.30318846080850254,0.7157258064516129,0.6104225097258663,0.6497515779792358,0.23856383102750794,0.2703029766695516,10538,3195,7343,1269,10299
42,100%,No-SLTE,Random Forest,0.6575294479429383,0.287447909414464,0.19848742089828678,0.5304312651095202,0.31910669975186107,0.14404121863799282,0.7650864018818421,0.533136129101334,0.16519747127476703,0.07081290147471274,2015,643,1372,3821,16270
42,100%,No-SLTE,Gradient Boosting,0.7042551791220771,0.32766838707959034,0.1650061178115714,0.5204495918615416,0.375497215592681,0.1057347670250896,0.7839048222202117,0.5306193390731389,0.15165115485898292,0.04296485969720448,1257,472,785,3992,16857
42,100%,SLTE,Logistic Regression,0.6363732988014509,0.2952145791270492,0.36998387249786546,0.5863759165286987,0.3208820141517196,0.4368279569892473,0.6995838233963629,0.6014487818049059,0.21003457079592103,0.18463530756982896,6077,1950,4127,2514,13515
42,100%,SLTE,Naive Bayes,0.6046991165693306,0.2745866430167529,0.25857389587959534,0.5460597834795972,0.28775398132894014,0.23476702508960573,0.7281281100153805,0.5438657707921671,0.22740207877177251,0.1829216502304375,3642,1048,2594,3416,15048
42,100%,SLTE,Decision Tree,0.6532267778322258,0.315799718329748,0.4086278109224415,0.6076215261953805,0.3461359042139636,0.4986559139784946,0.7085406676920293,0.6301521265845313,0.20740363029343284,0.17528716009134757,6431,2226,4205,2238,13437
42,100%,SLTE,Random Forest,0.6886689708576673,0.32007398802927933,0.04018612521150592,0.46262674713619567,0.35984848484848486,0.02128136200716846,0.7947163665973039,0.505850974621088,0.17161932054645798,0.13869311499140505,264,95,169,4369,17473
42,100%,SLTE,Gradient Boosting,0.7070340197045255,0.344041657166856,0.006669630947087594,0.447082612220283,0.4411764705882353,0.003360215053763441,0.7978829277119334,0.5011416198270744,0.17019037226967304,0.13651104226943095,34,15,19,4449,17623
