Seed,Ratio,Mode,Classifier,AUC,F1
42,0%,No-SLTE,Logistic Regression,0.6647754140087662,0.40779345734445155
42,0%,No-SLTE,Naive Bayes,0.6360747865553,0.18716490658001625
42,0%,No-SLTE,Decision Tree,0.7156938080314207,0.4377281167957994
42,0%,No-SLTE,Random Forest,0.7106248646416035,0.26292852992446253
42,0%,No-SLTE,Gradient Boosting,0.7289769236535979,0.0066725978647686835
42,0%,SLTE,Logistic Regression,0.6647754140087662,0.40779345734445155
42,0%,SLTE,Naive Bayes,0.6360747865553,0.18716490658001625
42,0%,SLTE,Decision Tree,0.7156938080314207,0.4377281167957994
42,0%,SLTE,Random Forest,0.7106248646416035,0.26292852992446253
42,0%,SLTE,Gradient Boosting,0.7289769236535979,0.0066725978647686835
42,20%,No-SLTE,Logistic Regression,0.6572778540152837,0.4078251952354658
42,20%,No-SLTE,Naive Bayes,0.6331033015157296,0.16228296372700704
42,20%,No-SLTE,Decision Tree,0.7140380929510425,0.4407696563595008
42,20%,No-SLTE,Random Forest,0.7038329396511827,0.23071046600458364
42,20%,No-SLTE,Gradient Boosting,0.7249659788225312,0.0022361359570661895
42,20%,SLTE,Logistic Regression,0.6541465292481814,0.41019607843137257
42,20%,SLTE,Naive Bayes,0.6263954549139212,0.2592643614822978
42,20%,SLTE,Decision Tree,0.7121406818670337,0.433349491032477
42,20%,SLTE,Random Forest,0.7040551889958753,0.2242731887401938
42,20%,SLTE,Gradient Boosting,0.7230041201267422,0.000893854748603352
42,40%,No-SLTE,Logistic Regression,0.6469654615655293,0.3941638608305275
42,40%,No-SLTE,Naive Bayes,0.6268618191904379,0.08825283243887895
42,40%,No-SLTE,Decision Tree,0.7057038187117822,0.43650302955360454
42,40%,No-SLTE,Random Forest,0.6992248052565989,0.19409962921167176
42,40%,No-SLTE,Gradient Boosting,0.7201576257416016,0.0
42,40%,SLTE,Logistic Regression,0.6424847177068895,0.38775365905394893
42,40%,SLTE,Naive Bayes,0.6182379275039729,0.30689083589865024
42,40%,SLTE,Decision Tree,0.7068612472821658,0.4346449305107606
42,40%,SLTE,Random Forest,0.6998167696812633,0.1969917515769044
42,40%,SLTE,Gradient Boosting,0.7183287827008618,0.0004478280340349306
42,60%,No-SLTE,Logistic Regression,0.6342187004151465,0.3786999211639074
42,60%,No-SLTE,Naive Bayes,0.6143147307216121,0.04425531914893617
42,60%,No-SLTE,Decision Tree,0.6969194905018531,0.4321461187214612
42,60%,No-SLTE,Random Forest,0.6919138138297376,0.18593048395143855
42,60%,No-SLTE,Gradient Boosting,0.7124896932072737,0.0
42,60%,SLTE,Logistic Regression,0.6359371806506874,0.3800205268559699
42,60%,SLTE,Naive Bayes,0.6157679161186301,0.30461354104254046
42,60%,SLTE,Decision Tree,0.6946113060475186,0.4323189926547744
42,60%,SLTE,Random Forest,0.693464905504094,0.17450579413769599
42,60%,SLTE,Gradient Boosting,0.7138926398148114,0.0022346368715083797
42,80%,No-SLTE,Logistic Regression,0.6109166889639785,0.3572912339011217
42,80%,No-SLTE,Naive Bayes,0.5882590901416829,0.041551833792664826
42,80%,No-SLTE,Decision Tree,0.6809487996325972,0.42509302173771135
42,80%,No-SLTE,Random Forest,0.6770434495881651,0.12615551930396954
42,80%,No-SLTE,Gradient Boosting,0.7019021016460799,0.0004478280340349306
42,80%,SLTE,Logistic Regression,0.6199905774810762,0.3629524485450674
42,80%,SLTE,Naive Bayes,0.6073281042327714,0.21948970181371041
42,80%,SLTE,Decision Tree,0.6854908166565694,0.4253056884635832
42,80%,SLTE,Random Forest,0.6854724366116375,0.10450038138825324
42,80%,SLTE,Gradient Boosting,0.7101582781538354,0.005802276277616604
42,100%,No-SLTE,Logistic Regression,0.5888105803741398,0.3405236738570072
42,100%,No-SLTE,Naive Bayes,0.5631504758215873,0.017872711421098517
42,100%,No-SLTE,Decision Tree,0.6468123262688947,0.3992775771047513
42,100%,No-SLTE,Random Forest,0.6359771469314632,0.04098530324984475
42,100%,No-SLTE,Gradient Boosting,0.6872562533039638,0.0008954555630176853
42,100%,SLTE,Logistic Regression,0.5961640712900422,0.3026882234765139
42,100%,SLTE,Naive Bayes,0.5986700935958871,0.09540705696826335
42,100%,SLTE,Decision Tree,0.6499058116343411,0.4043262730959892
42,100%,SLTE,Random Forest,0.6813767340604187,0.014124917236813066
42,100%,SLTE,Gradient Boosting,0.711374770474824,0.0004479283314669653
1,0%,No-SLTE,Logistic Regression,0.6647856103307561,0.4075677409010742
1,0%,No-SLTE,Naive Bayes,0.6360747865553,0.18716490658001625
1,0%,No-SLTE,Decision Tree,0.7155806199688833,0.43767206607337217
1,0%,No-SLTE,Random Forest,0.7108727000246642,0.25988041417529534
1,0%,No-SLTE,Gradient Boosting,0.7289848343741455,0.0066725978647686835
1,0%,SLTE,Logistic Regression,0.6647856103307561,0.4075677409010742
1,0%,SLTE,Naive Bayes,0.6360747865553,0.18716490658001625
1,0%,SLTE,Decision Tree,0.7155806199688833,0.43767206607337217
1,0%,SLTE,Random Forest,0.7108727000246642,0.25988041417529534
1,0%,SLTE,Gradient Boosting,0.7289848343741455,0.0066725978647686835
1,20%,No-SLTE,Logistic Regression,0.6585416392394494,0.4079657251666138
1,20%,No-SLTE,Naive Bayes,0.6327034990323271,0.15126347411203392
1,20%,No-SLTE,Decision Tree,0.7164498214996065,0.4388980159231644
1,20%,No-SLTE,Random Forest,0.703570609745642,0.22973386356684
1,20%,No-SLTE,Gradient Boosting,0.724966651805178,0.0008954555630176853
1,20%,SLTE,Logistic Regression,0.6540283382580425,0.41141778721396555
1,20%,SLTE,Naive Bayes,0.6268729551485763,0.25830461750516887
1,20%,SLTE,Decision Tree,0.7109748727580282,0.435263060961385
1,20%,SLTE,Random Forest,0.702891367090346,0.23094617389970865
1,20%,SLTE,Gradient Boosting,0.7226213580718708,0.0004478280340349306
1,40%,No-SLTE,Logistic Regression,0.6455989893476752,0.3947151114781173
1,40%,No-SLTE,Naive Bayes,0.6279868684070558,0.0889241762604208
1,40%,No-SLTE,Decision Tree,0.7084638475245819,0.43854940390737157
1,40%,No-SLTE,Random Forest,0.7020009412106739,0.21714833147054127
1,40%,No-SLTE,Gradient Boosting,0.7206713527591172,0.0
1,40%,SLTE,Logistic Regression,0.6418279374346573,0.3886126126126126
1,40%,SLTE,Naive Bayes,0.6195132296198506,0.32630067380978683
1,40%,SLTE,Decision Tree,0.7060880664075913,0.43507120444122616
1,40%,SLTE,Random Forest,0.7017285229143225,0.21076305220883534
1,40%,SLTE,Gradient Boosting,0.7186890188837406,0.0
1,60%,No-SLTE,Logistic Regression,0.6341630841133837,0.3779504684436052
1,60%,No-SLTE,Naive Bayes,0.6162514604993217,0.048131728942368585
1,60%,No-SLTE,Decision Tree,0.6992332810286142,0.4375957355554194
1,60%,No-SLTE,Random Forest,0.6955618622918021,0.1814166808221505
1,60%,No-SLTE,Gradient Boosting,0.7130552525863866,0.0004478280340349306
1,60%,SLTE,Logistic Regression,0.6359036711939859,0.37924841116330477
1,60%,SLTE,Naive Bayes,0.6175253658587625,0.27849740932642486
1,60%,SLTE,Decision Tree,0.6960088878405597,0.43014165638041496
1,60%,SLTE,Random Forest,0.6968297806452426,0.17533585945573546
1,60%,SLTE,Gradient Boosting,0.7149201382920929,0.0017897091722595079
1,80%,No-SLTE,Logistic Regression,0.6138434650997802,0.35963022172794884
1,80%,No-SLTE,Naive Bayes,0.5910143699825969,0.031041172666522957
1,80%,No-SLTE,Decision Tree,0.6861424162321992,0.4249404800205907
1,80%,No-SLTE,Random Forest,0.6800571801610608,0.1260932944606414
1,80%,No-SLTE,Gradient Boosting,0.7022200859467407,0.0
1,80%,SLTE,Logistic Regression,0.6251367615018576,0.36704496480390747
1,80%,SLTE,Naive Bayes,0.6101497300044412,0.19555699691908546
1,80%,SLTE,Decision Tree,0.6838402314816507,0.42552939082982383
1,80%,SLTE,Random Forest,0.6898001911981793,0.11735849056603774
1,80%,SLTE,Gradient Boosting,0.7097657895950483,0.0026827632461435278
1,100%,No-SLTE,Logistic Regression,0.5888526862318214,0.3406160944497218
1,100%,No-SLTE,Naive Bayes,0.5631504758215873,0.017872711421098517
1,100%,No-SLTE,Decision Tree,0.6469191654385368,0.3993332870338218
1,100%,No-SLTE,Random Forest,0.6326199095084677,0.04375644994840041
1,100%,No-SLTE,Gradient Boosting,0.6872562533039638,0.0008954555630176853
1,100%,SLTE,Logistic Regression,0.5962231032961827,0.3028505835087048
1,100%,SLTE,Naive Bayes,0.5986700935958871,0.09540705696826335
1,100%,SLTE,Decision Tree,0.6500871931554667,0.4044680659400054
1,100%,SLTE,Random Forest,0.6855536199050896,0.01978021978021978
1,100%,SLTE,Gradient Boosting,0.711374770474824,0.0004479283314669653
2,0%,No-SLTE,Logistic Regression,0.6648295700651629,0.40769539078156314
2,0%,No-SLTE,Naive Bayes,0.6360747865553,0.18716490658001625
2,0%,No-SLTE,Decision Tree,0.7157827115786336,0.437816040453178
2,0%,No-SLTE,Random Forest,0.709505377055162,0.2536285002199091
2,0%,No-SLTE,Gradient Boosting,0.7289934307751257,0.0066725978647686835
2,0%,SLTE,Logistic Regression,0.6648295700651629,0.40769539078156314
2,0%,SLTE,Naive Bayes,0.6360747865553,0.18716490658001625
2,0%,SLTE,Decision Tree,0.7157827115786336,0.437816040453178
2,0%,SLTE,Random Forest,0.709505377055162,0.2536285002199091
2,0%,SLTE,Gradient Boosting,0.7289934307751257,0.0066725978647686835
2,20%,No-SLTE,Logistic Regression,0.6592001591083351,0.40704748360590975
2,20%,No-SLTE,Naive Bayes,0.6351921253716388,0.16040013797861333
2,20%,No-SLTE,Decision Tree,0.7142247377043784,0.4410230941147256
2,20%,No-SLTE,Random Forest,0.7057425025161932,0.22542189193373588
2,20%,No-SLTE,Gradient Boosting,0.7255775549773493,0.0004476275738585497
2,20%,SLTE,Logistic Regression,0.6557159501763264,0.4102604453536864
2,20%,SLTE,Naive Bayes,0.6276684841261424,0.263172338090011
2,20%,SLTE,Decision Tree,0.7134797205186872,0.4344543184062264
2,20%,SLTE,Random Forest,0.7056588875967622,0.22913763740517107
2,20%,SLTE,Gradient Boosting,0.7230913475662306,0.0013422818791946308
2,40%,No-SLTE,Logistic Regression,0.6476849435039955,0.3985099589478486
2,40%,No-SLTE,Naive Bayes,0.6227605105667926,0.1036951054362546
2,40%,No-SLTE,Decision Tree,0.7099517867613089,0.43765094699377144
2,40%,No-SLTE,Random Forest,0.6986310631419237,0.2077880625598468
2,40%,No-SLTE,Gradient Boosting,0.7214109035480255,0.0008954555630176853
2,40%,SLTE,Logistic Regression,0.6426794763453456,0.39135150770120763
2,40%,SLTE,Naive Bayes,0.6188232446377758,0.3301162535643781
2,40%,SLTE,Decision Tree,0.7029736614400548,0.43085780080598735
2,40%,SLTE,Random Forest,0.699746265225661,0.20741935483870969
2,40%,SLTE,Gradient Boosting,0.7192021745008957,0.0008946544397226571
2,60%,No-SLTE,Logistic Regression,0.6324138371428722,0.3790322580645161
2,60%,No-SLTE,Naive Bayes,0.6140342239357123,0.03357004519044545
2,60%,No-SLTE,Decision Tree,0.6936271133686759,0.4315857151206967
2,60%,No-SLTE,Random Forest,0.6911542957726735,0.16613202768867127
2,60%,No-SLTE,Gradient Boosting,0.7117859311276162,0.002680366316729953
2,60%,SLTE,Logistic Regression,0.6331523784578104,0.3770814925576021
2,60%,SLTE,Naive Bayes,0.6145560902339197,0.30594094628246177
2,60%,SLTE,Decision Tree,0.692424334656341,0.43038873439441455
2,60%,SLTE,Random Forest,0.6944187441260044,0.16888433981576254
2,60%,SLTE,Gradient Boosting,0.71332396947818,0.002681564245810056
2,80%,No-SLTE,Logistic Regression,0.6136748258066953,0.3598996795318378
2,80%,No-SLTE,Naive Bayes,0.5941628748538739,0.027886710239651415
2,80%,No-SLTE,Decision Tree,0.6831752230442261,0.42354124748490946
2,80%,No-SLTE,Random Forest,0.6810665906424836,0.14242152466367713
2,80%,No-SLTE,Gradient Boosting,0.7044457220956507,0.0
2,80%,SLTE,Logistic Regression,0.6226226380086783,0.3641842445114077
2,80%,SLTE,Naive Bayes,0.6076070237954474,0.1997751726352979
2,80%,SLTE,Decision Tree,0.6814261728893943,0.4197806527878111
2,80%,SLTE,Random Forest,0.6883763249885516,0.12544334515587083
2,80%,SLTE,Gradient Boosting,0.7114239616969767,0.0008954555630176853
2,100%,No-SLTE,Logistic Regression,0.5890848779427881,0.34055559328941115
2,100%,No-SLTE,Naive Bayes,0.5631504758215873,0.017872711421098517
2,100%,No-SLTE,Decision Tree,0.6469178385199217,0.3993332870338218
2,100%,No-SLTE,Random Forest,0.6348708269488866,0.04862971357922934
2,100%,No-SLTE,Gradient Boosting,0.6872562533039638,0.0008954555630176853
2,100%,SLTE,Logistic Regression,0.5961930222416447,0.3028216164514586
2,100%,SLTE,Naive Bayes,0.5986700935958871,0.09540705696826335
2,100%,SLTE,Decision Tree,0.6501077254750902,0.4044680659400054
2,100%,SLTE,Random Forest,0.68674974497767,0.01280070624586184
2,100%,SLTE,Gradient Boosting,0.711374770474824,0.0004479283314669653
